Length : 0.869641289438 | Width : 3.5 | Count Number : 1
Length : 0.827967451791 | Width : 4.49884256707 | Count Number : 2
Length : 0.712567001402 | Width : 5.92475685071 | Count Number : 3
Length : 0.976140508851 | Width : 1.40947777465 | Count Number : 4
Length : 0.70981399561 | Width : 5.94624203617 | Count Number : 5
Length : 0.817496470628 | Width : 4.90497882377 | Count Number : 6
Length : 0.734397284402 | Width : 1.40055929159 | Count Number : 7
Length : 0.866031555603 | Width : 3.39397206096 | Count Number : 8
